text,tag
machine learning basics,AI
introduction to machine learning,AI
machine learning concepts explained,AI
advanced machine learning techniques,AI
deep learning fundamentals,AI
deep learning models overview,AI
neural networks basics,AI
neural networks explained simply,AI
understanding neural networks,AI
ai and machine learning overview,AI
ai fundamentals guide,AI
introduction to artificial intelligence,AI
ai applications in real world,AI
supervised learning methods,AI
unsupervised learning basics,AI
training machine learning models,AI
data science and ai basics,AI
predictive modeling with ai,AI
ai algorithms explained,AI
introduction to deep neural networks,AI
machine learning for beginners,AI
deep learning for beginners,AI
neural network architecture basics,AI
ai concepts and examples,AI
learning artificial intelligence step by step,AI
python programming basics,Programming
introduction to python programming,Programming
learn python step by step,Programming
python coding for beginners,Programming
advanced python concepts,Programming
java programming basics,Programming
object oriented programming in java,Programming
learn java programming,Programming
java coding examples,Programming
web development basics,Programming
html css basics,Programming
javascript programming basics,Programming
frontend web development guide,Programming
backend development basics,Programming
full stack development intro,Programming
data structures in programming,Programming
algorithms basics in programming,Programming
coding interview preparation,Programming
software development lifecycle basics,Programming
debugging code effectively,Programming
version control using git,Programming
introduction to programming concepts,Programming
learn coding from scratch,Programming
python and data structures,Programming
building web applications,Programming
stock market basics,Finance
introduction to stock trading,Finance
stock investment strategies,Finance
learn stock market step by step,Finance
cryptocurrency basics,Finance
crypto trading guide,Finance
bitcoin and blockchain basics,Finance
investment planning basics,Finance
personal finance management,Finance
saving money tips,Finance
budget planning guide,Finance
financial planning for beginners,Finance
mutual funds basics,Finance
long term investment strategies,Finance
short term trading tips,Finance
understanding financial markets,Finance
risk management in finance,Finance
wealth building strategies,Finance
retirement planning basics,Finance
passive income ideas,Finance
financial independence guide,Finance
money management tips,Finance
stock analysis basics,Finance
crypto investment strategies,Finance
healthy diet basics,Health
nutrition tips for beginners,Health
balanced diet guide,Health
fitness and nutrition basics,Health
workout routines for beginners,Health
home workout exercises,Health
gym workout plans,Health
muscle building exercises,Health
weight loss tips,Health
fat loss workout guide,Health
mental health awareness,Health
stress management techniques,Health
meditation basics guide,Health
healthy lifestyle habits,Health
daily exercise routine,Health
importance of sleep for health,Health
yoga for beginners,Health
cardio exercises guide,Health
healthy eating habits,Health
wellness and fitness guide,Health
nutrition and diet planning,Health
exercise for mental health,Health
staying fit and healthy,Health
improving physical health,Health
